<?xml version="1.0" encoding="UTF-8" ?>
<!DOCTYPE configuration
PUBLIC "-//mybatis.org//DTD Config 3.0//EN"
"http://mybatis.org/dtd/mybatis-3-config.dtd">
<configuration>

	<settings>
		<!-- <setting name="cacheEnabled" value="false"/> -->
		<!-- <setting name="lazyLoadingEnabled" value="false"/> -->
		<!-- <setting name="aggressiveLazyLoading" value="false"/> -->
		<!-- <setting name="multipleResultSetsEnabled" value="true"/> -->
		<setting name="useColumnLabel" value="true" />
		<!-- <setting name="useGeneratedKeys" value="true"/> -->
		<setting name="autoMappingBehavior" value="FULL" />
		<!-- <setting name="defaultExecutorType" value="SIMPLE"/> -->
		<!-- <setting name="defaultStatementTimeout" value="10000"/> -->
		<setting name="jdbcTypeForNull" value="NULL"/>
	</settings>


	<typeAliases>
		<typeAlias alias="infoRefOpcDTO" type="py.com.quimpar.persistence.dto.InfoRefOpcDTO" />
	</typeAliases>

	<typeHandlers>
		<typeHandler javaType="Boolean" jdbcType="SMALLINT"
			handler="py.com.quimpar.persistence.mybatis.DBBooleanTypeHandler" />
	</typeHandlers>

	<mappers>
		<mapper resource="py/com/quimpar/persistence/mybatis/mapper/referencia.xml" />
	</mappers>
	
</configuration>